,FIRST_NANE,LAST_NAME,PHONENO,CITY,ID
0,shubham,gupta,1-212-888-8888,india,11111
1,shubham,gupta,1-212-888-8888,india,11111
2,shubham,gupta,1-212-888-8888,india,11111
3,Michael,Arnett,1-650-230-8467,San Francisco,94116
4,Lysandra,Reeves,1-212-759-3751,New York,10018
5,Michael,Arnett,1-650-230-8467,San Francisco,94116
6,shubham,gupta,1-212-888-8888,india,11111
7,Michael,Arnett,1-650-230-8467,San Francisco,94116
8,shubham,gupta,1-212-888-8888,india,11111
9,Michael,Arnett,1-650-230-8467,San Francisco,94116
10,shubham,gupta,1-212-888-8888,india,11111
11,Michael,Arnett,1-650-230-8467,San Francisco,94116
12,shubham,gupta,1-212-888-8888,india,11111
13,Michael,Arnett,1-650-230-8467,San Francisco,94116
14,shubham,gupta,1-212-888-8888,india,11111
15,Michael,Arnett,1-650-230-8467,San Francisco,94116
16,shubham,gupta,1-212-888-8888,india,11111
17,Michael,Arnett,1-650-230-8467,San Francisco,94116
18,Michael,Arnett,1-650-230-8467,San Francisco,94116
19,shubham,gupta,1-212-888-8888,india,11111
20,Michael,Arnett,1-650-230-8467,San Francisco,94116
21,shubham,gupta,1-212-888-8888,india,11111
22,Michael,Arnett,1-650-230-8467,San Francisco,94116
23,Michael,Arnett,1-650-230-8467,San Francisco,94116
24,Michael,Arnett,1-650-230-8467,San Francisco,94116
25,shubham,gupta,1-212-888-8888,india,11111
